{"results": {"arithmetic_2ds": {"acc": 0.411, "acc_stderr": 0.01100454678871493}, "truthfulqa_mc": {"mc1": 0.22276621787025705, "mc1_stderr": 0.014566506961396736, "mc2": 0.34323673296839874, "mc2_stderr": 0.013352216751564854}}, "versions": {"arithmetic_2ds": 0, "truthfulqa_mc": 1}, "config": {"model": "open_llama_3b", "batch_size": 4, "device": "cuda:0", "num_fewshot": 0, "limit": null, "bootstrap_iters": 100000, "no_cache": true}}