{"results": {"truthfulqa_mc": {"mc1": 0.24112607099143207, "mc1_stderr": 0.01497482727975233, "mc2": 0.35313189746168766, "mc2_stderr": 0.01344833469198349}, "arithmetic_2ds": {"acc": 0.3385, "acc_stderr": 0.010583708350158868}}, "versions": {"truthfulqa_mc": 1, "arithmetic_2ds": 0}, "config": {"model": "open_llama_3b", "batch_size": 4, "device": "cuda:0", "num_fewshot": 0, "limit": null, "bootstrap_iters": 100000, "no_cache": true}}