{"results": {"truthfulqa_mc": {"mc1": 0.24724602203182375, "mc1_stderr": 0.01510240479735965, "mc2": 0.3687688436060942, "mc2_stderr": 0.013560761510741924}, "arithmetic_2ds": {"acc": 0.3865, "acc_stderr": 0.010891197550868472}}, "versions": {"truthfulqa_mc": 1, "arithmetic_2ds": 0}, "config": {"model": "open_llama_3b", "batch_size": 4, "device": "cuda:0", "num_fewshot": 0, "limit": null, "bootstrap_iters": 100000, "no_cache": true}}